<?xml version="1.0" encoding="UTF-8"?>
<project-private xmlns="http://www.netbeans.org/ns/project-private/1">
    <editor-bookmarks xmlns="http://www.netbeans.org/ns/editor-bookmarks/2" lastBookmarkId="1">
        <file>
            <url>Controller/DBCurso.php</url>
            <bookmark id="1">
                <name/>
                <line>36</line>
                <key/>
            </bookmark>
        </file>
    </editor-bookmarks>
    <open-files xmlns="http://www.netbeans.org/ns/projectui-open-files/2">
        <group>
            <file>file:/C:/xampp/htdocs/Vendas/Controller/Sair.php</file>
            <file>file:/C:/xampp/htdocs/Vendas/Controller/Validacao.php</file>
            <file>file:/C:/xampp/htdocs/Vendas/View/Login.php</file>
            <file>file:/C:/xampp/htdocs/Vendas/View/CompraAutomoveis.php</file>
        </group>
    </open-files>
</project-private>
